dest_skew,dest_hot,dest_imb,A_ms,B_ms,C_ms,D1_ms,D2_ms,E_ms,C_over_A,C_over_B,D1_over_C,C_over_E,rep
0.00,0,0.000,202.48,315.96,202.67,177.03,170.60,186.20,0.999,1.559,0.873,1.088,1
0.00,0,0.000,211.35,331.61,184.92,181.22,174.13,173.53,1.143,1.793,0.980,1.066,2
0.00,0,0.000,209.73,298.37,174.29,176.88,170.57,169.37,1.203,1.712,1.015,1.029,3
0.00,0,0.000,228.85,334.49,192.85,173.10,164.08,179.62,1.187,1.734,0.898,1.074,4
0.00,0,0.000,205.08,331.97,172.92,201.21,179.42,201.04,1.186,1.920,1.164,0.860,5
0.25,0,0.427,277.23,346.21,178.88,193.79,206.11,180.09,1.550,1.935,1.083,0.993,1
0.25,0,0.427,241.59,288.54,184.27,194.73,162.85,170.62,1.311,1.566,1.057,1.080,2
0.25,0,0.427,242.60,293.97,178.03,179.29,162.30,164.47,1.363,1.651,1.007,1.082,3
0.25,0,0.427,244.20,295.18,161.87,172.99,161.84,162.58,1.509,1.824,1.069,0.996,4
0.25,0,0.427,229.77,298.76,165.62,171.31,162.15,161.71,1.387,1.804,1.034,1.024,5
0.50,0,0.862,278.22,285.61,173.51,196.69,162.97,164.20,1.603,1.646,1.134,1.057,1
0.50,0,0.862,276.86,303.72,165.41,185.15,166.38,166.59,1.674,1.836,1.119,0.993,2
0.50,0,0.862,303.10,327.41,186.05,183.74,164.88,166.56,1.629,1.760,0.988,1.117,3
0.50,0,0.862,289.30,304.52,169.21,199.26,164.66,166.14,1.710,1.800,1.178,1.018,4
0.50,0,0.862,282.21,323.34,166.42,185.65,167.14,166.43,1.696,1.943,1.116,1.000,5
0.75,0,1.300,324.33,296.82,173.06,190.34,166.56,168.61,1.874,1.715,1.100,1.026,1
0.75,0,1.300,340.74,321.87,166.31,198.66,168.79,161.52,2.049,1.935,1.194,1.030,2
0.75,0,1.300,359.56,301.40,166.32,193.44,187.09,166.31,2.162,1.812,1.163,1.000,3
0.75,0,1.300,327.05,295.59,162.50,187.54,163.39,162.76,2.013,1.819,1.154,0.998,4
0.75,0,1.300,325.70,302.63,201.24,207.56,166.22,170.12,1.619,1.504,1.031,1.183,5
0.85,0,1.469,321.94,306.14,165.95,193.80,176.08,168.04,1.940,1.845,1.168,0.988,1
0.85,0,1.469,326.40,308.49,223.97,210.52,177.72,188.48,1.457,1.377,0.940,1.188,2
0.85,0,1.469,360.86,296.07,182.37,196.08,163.45,177.03,1.979,1.623,1.075,1.030,3
0.85,0,1.469,327.30,292.49,167.44,195.65,182.35,166.53,1.955,1.747,1.168,1.005,4
0.85,0,1.469,337.48,302.50,165.46,196.18,172.33,174.26,2.040,1.828,1.186,0.950,5
1.00,0,1.732,366.67,419.95,189.31,203.49,179.72,191.08,1.937,2.218,1.075,0.991,1
1.00,0,1.732,335.86,334.55,182.02,198.72,180.98,169.41,1.845,1.838,1.092,1.074,2
1.00,0,1.732,390.62,323.87,183.06,204.06,169.94,169.84,2.134,1.769,1.115,1.078,3
1.00,0,1.732,370.96,298.86,167.07,198.15,182.82,179.80,2.220,1.789,1.186,0.929,4
1.00,0,1.732,332.26,300.98,173.80,197.06,172.08,159.77,1.912,1.732,1.134,1.088,5
